Id,Ref.,Label,Type,For sale,For purchase,Description,
1,DP610,Silver Liberty 20oz ,0,1,1,Digital Print,
2,LE604,Black Liberty 20oz,0,1,1,Laser Etched,
3,LE701,White Napa 12oz,0,1,1,Laser Etched,
4,606B,Black Liberty 20oz - Blank,0,1,1,,
5,609B ,White Liberty 20oz - Blank,0,1,1,,
6,612B ,Silver Liberty 20oz - Blank,0,1,1,,
7,615B ,Royal Blue Liberty 20oz - Blank,0,1,1,,
8,618B ,Red Liberty 20oz - Blank,0,1,1,,
9,703B,White Napa 12oz - Blank,0,1,1,,
10,706B,Silver Napa 12oz - Blank,0,1,1,,
11,903B,Black Tundra 26oz - Blank,0,1,1,,
12,906B,White Tundra 26oz - Blank,0,1,1,,
37,GL105,Adventures - White 20oz,0,1,1,,
38,GL106,Life is Better - Royal Blue 20oz,0,1,1,,
39,GL107,USA Flag - Red 20oz,0,1,1,,
40,GL108,Eat Sleep Hunt - Black 20oz,0,1,1,,
41,GL109,"But First, Coffee - White 20oz",0,1,1,,
42,GL110,Fishing Life - Black 20oz,0,1,1,,
43,GL203,Good Vibes - White 12oz,0,1,1,,
44,GL204,Compass - White 12oz,0,1,1,,
45,GP506,Sun and Moon - Silver 20oz,0,1,1,,
46,GP507,Golf - Silver 20oz,0,1,1,,
47,GP508,"Live, Laugh, Love - Silver 20oz",0,1,1,,
48,GP509,Go Pink - Silver 20oz,0,1,1,,
49,GP608,Flamingo's - Silver 12oz,0,1,1,,
50,GP609,Floral - Silver 12oz,0,1,1,,
51,GP610,Paw Prints - Silver 12oz,0,1,1,,
52,GP611,Give Thanks - Silver 12oz,0,1,1,,
58,SHS04 ,Arkansas Home - Silver 20oz,0,1,1,,
59,SHS10 ,Georgia Home - Silver 20oz,0,1,1,,
60,SHS15,Iowa Home - Silver 20oz,0,1,1,,
61,SHS18 ,Louisiana Home - Silver 20oz,0,1,1,,
62,SHS43,Texas Home - Silver 20oz,0,1,1,,
63,DI001,Donation Item,0,1,1,,
64,LE501,Black Taylor 20oz,0,1,1,Laser Etched,
65,LE502,Black Taylor 20oz,0,1,1,Laser Etched,
66,503B,Black Taylor 20oz  -  Blank,0,1,1,,
67,LE605,Black Liberty 20oz,0,1,1,Laser Etched,
68,LE607,White Liberty 20oz,0,1,1,Laser Etched,
69,LE608,White Liberty 20oz,0,1,1,Laser Etched,
70,DP611,Silver Liberty 20oz ,0,1,1,Digital Print,
71,LE613,Royal Blue Liberty 20oz  ,0,1,1,Laser Etched,
72,LE614,Royal Blue Liberty 20oz  ,0,1,1,Laser Etched,
73,LE616,Red Liberty 20oz  ,0,1,1,Laser Etched,
74,LE617,Red Liberty 20oz  ,0,1,1,Laser Etched,
75,LE702,White Napa 12oz,0,1,1,Laser Etched,
76,DP704,Silver Napa 12oz,0,1,1,Digital Print,
77,DP705,Silver Napa 12oz,0,1,1,Digital Print,
78,LE901,Black Tundra 26oz  ,0,1,1,Laser Etched,
79,LE902,Black Tundra 26oz  ,0,1,1,Laser Etched,
80,LE904,White Tundra 26oz  ,0,1,1,Laser Etched,
81,LE905,White Tundra 26oz  ,0,1,1,Laser Etched,
82,SHS01,Alabama Home  -  Silver 20oz,0,1,1,,
83,SHS02,Alaska Home  -  Silver 20oz,0,1,1,,
84,SHS03,Arizona Home  -  Silver 20oz,0,1,1,,
85,SHS05,California Home  -  Silver 20oz,0,1,1,,
86,SHS06,Colorado Home  -  Silver 20oz,0,1,1,,
87,SHS07,Connecticut Home   -  Silver 20oz,0,1,1,,
88,SHS08,Delaware Home  -  Silver 20oz,0,1,1,,
89,SHS09,Florida Home  -  Silver 20oz,0,1,1,,
90,SHS11,Hawaii Home  -  Silver 20oz,0,1,1,,
91,SHS12,Idaho Home  -  Silver 20oz,0,1,1,,
92,SHS13,Illinois Home  -  Silver 20oz,0,1,1,,
93,SHS14,Indiana Home  -  Silver 20oz,0,1,1,,
94,SHS16,Kansas Home  -  Silver 20oz,0,1,1,,
95,SHS17,Kentucky Home  -  Silver 20oz,0,1,1,,
96,SHS19,Maine Home  -  Silver 20oz,0,1,1,,
97,SHS20,Maryland Home  -  Silver 20oz,0,1,1,,
98,SHS21,Massachusettes Home  -  Silver 20oz,0,1,1,,
99,SHS22,Michigan Home  -  Silver 20oz,0,1,1,,
100,SHS23,Minnesota Home  -  Silver 20oz,0,1,1,,
101,SHS24,Mississippi Home  -  Silver 20oz,0,1,1,,
102,SHS25,Missouri Home  -  Silver 20oz,0,1,1,,
103,SHS26,Montana Home  -  Silver 20oz,0,1,1,,
104,SHS27,Nebraska Home  -  Silver 20oz,0,1,1,,
105,SHS28,Nevada Home  -  Silver 20oz,0,1,1,,
106,SHS29,New Hampshire Home  -  Silver 20oz,0,1,1,,
107,SHS30,New Jersey Home  -  Silver 20oz,0,1,1,,
108,SHS31,New Mexico Home  -  Silver 20oz,0,1,1,,
109,SHS32,New York Home  -  Silver 20oz,0,1,1,,
110,SHS33,North Carolina Home  -  Silver 20oz,0,1,1,,
111,SHS34,North Dakota Home  -  Silver 20oz,0,1,1,,
112,SHS35,Ohio Home  -  Silver 20oz,0,1,1,,
113,SHS36,Oklahoma Home  -  Silver 20oz,0,1,1,,
114,SHS37,Oregon Home  -  Silver 20oz,0,1,1,,
115,SHS38,Pennsylvania Home  -  Silver 20oz,0,1,1,,
116,SHS39,Rhode Island Home  -  Silver 20oz,0,1,1,,
117,SHS40,South Carolina Home  -  Silver 20oz,0,1,1,,
118,SHS41,South Dakota Home  -  Silver 20oz,0,1,1,,
119,SHS42,Tennessee Home  -  Silver 20oz,0,1,1,,
120,SHS44,Utah Home  -  Silver 20oz,0,1,1,,
121,SHS45,Vermont Home  -  Silver 20oz,0,1,1,,
122,SHS46,Virginia Home  -  Silver 20oz,0,1,1,,
123,SHS47,Washington Home  -  Silver 20oz,0,1,1,,
124,SHS48,West Virginia Home  -  Silver 20oz,0,1,1,,
125,SHS49,Wisconsin Home  -  Silver 20oz,0,1,1,,
126,SHS50,Wyoming Home  -  Silver 20oz,0,1,1,,
127,GP612,Be Kind  -  Pewter 12oz,0,1,1,Digital Print,
128,GP613,You Never Know  -  Cranberry 12oz,0,1,1,Digital Print,
129,GP614,Life's Better  -  Blue 12oz,0,1,1,Digital Print,
130,GP615,Rude & Sarcastic  -  Rose Gold 12oz,0,1,1,Digital Print,
131,GP616,I'll Do It Tomorrow  -  Green 12oz,0,1,1,Digital Print,
132,GP617,Keep Calm Rock On  -  White 12oz,0,1,1,Digital Print,
235,RHSC3173,RANCH HOUSE SNACK STICKS  - ALL BEEF,0,1,1,,
236,RHSC3647,RANCH HOUSE SNACK STICKS  - PEPPERED FLAVOR,0,1,1,,
237,RHSC3494,RANCH HOUSE SNACK STICKS  - TERIYAKI FLAVORED,0,1,1,,
238,RHSC3197,RANCH HOUSE SNACK STICKS  - TEXAS BBQ FLAVORED,0,1,1,,
239,RHSC3074,RANCH HOUSE JERKY - ORIGINAL,0,1,1,,
240,RHSC3067,RANCH HOUSE JERKY  - PEPPERED ,0,1,1,,
241,RHSC3098,RANCH HOUSE JERKY  - TERIYAKI,0,1,1,,
242,RHSC3524,RANCH HOUSE JERKY  - GARLIC PEPPER,0,1,1,,
243,RHSC3869,RANCH HOUSE SUMMER SAUSAGE - GARLIC,0,1,1,,
244,RHSC3906,RANCH HOUSE SUMMER SAUSAGE - SALAMI,0,1,1,,
245,RHSC3838,RANCH HOUSE SUMMER SAUSAGE - SUMMER,0,1,1,,
246,10668-07527,CAMERON'S COFFEE GROUND - HIGHLAND GROG - 12 OZ,0,1,1,,
247,10668-07532,CAMERON'S COFFEE GROUND - VANILLA HAZELNUT - 12 OZ,0,1,1,,
248,10668-07502,CAMERON'S COFFEE GROUND - TOASTED SOUTHERN PECAN - 12 OZ,0,1,1,,
249,10668-07416,CAMERON'S COFFEE GROUND - SEA SALT CARAMEL - 12 OZ,0,1,1,,
250,10668-07422,CAMERON'S COFFEE GROUND - DARK CHOCOLATE MOCHA - 12 OZ,0,1,1,,
251,10668-07524,CAMERON'S COFFFEE GROUND - BREAKFAST BLEND - 12 OZ,0,1,1,,
252,10668-07519,CAMERON'S COFFEE GROUND - JAMAICAN BLEND - 10 OZ,0,1,1,,
253,10668-07521,CAMERON'S COFFEE GROUND - FRENCH ROAST - 10 OZ,0,1,1,,
254,10668-30108,CAMERON'S COFFEE ECOPOD - HIGHLANDER GROG - 12 CT,0,1,1,,
255,10668-30104,CAMERON'S COFFEE ECOPOD - VANILLA HAZELNUT - 12 CUT,0,1,1,,
256,10668-30105,CAMERON'S COFFEE ECOPOD - CHOCOLATE CARAMEL BROWNIE - 12 CT,0,1,1,,
257,10668-30100,CAMERON'S COFFEE ECOPOD - BREAKFAST BLEND - 12 CT,0,1,1,,
258,10668-30101,CAMERON'S COFFEE ECOPOD - DONUT SHOP - 12 CT,0,1,1,,
259,10668-30109,CAMERON'S COFFEE ECOPOD - JAMAICAN BLEND - 12 CT,0,1,1,,
260,GB,OG - THE ORIGINAL GARBAGE BAG,0,1,1,,
261,C08SS,Baylor - 20oz Sideline Series,0,1,1,,
262,C10SS,Butler - 20oz Sideline Series,0,1,1,,
263,C13SS,Clemson - 20oz Sideline Series,0,1,1,,
264,C14SS,Colorado - 20oz Sideline Series,0,1,1,,
265,C15SS,Florida - 20oz Sideline Series,0,1,1,,
266,C16SS,Florida State - 20oz Sideline Series,0,1,1,,
267,C17SS,Georgia - 20oz Sideline Series,0,1,1,,
268,C19SS,Georgia Tech - 20oz Sideline Series,0,1,1,,
269,C20SS,Illinois - 20oz Sideline Series,0,1,1,,
270,C21SS,Indiana - 20oz Sideline Series,0,1,1,,
271,C22SS,Iowa - 20oz Sideline Series,0,1,1,,
272,C23SS,Iowa State - 20oz Sideline Series,0,1,1,,
273,C24SS,Kansas - 20oz Sideline Series,0,1,1,,
274,C25SS,Kansas State - 20oz Sideline Series,0,1,1,,
275,C26SS,Kentucky - 20oz Sideline Series,0,1,1,,
276,C28SS,Louisville - 20oz Sideline Series,0,1,1,,
277,C29SS,LSU - 20oz Sideline Series,0,1,1,,
278,C31SS,Memphis - 20oz Sideline Series,0,1,1,,
279,C32SS,Miami - 20oz Sideline Series,0,1,1,,
280,C33SS,Michigan - 20oz Sideline Series,0,1,1,,
281,C34SS,Michigan State - 20oz Sideline Series,0,1,1,,
282,C35SS,Minnesota - 20oz Sideline Series,0,1,1,,
283,C36SS,Mississippi State - 20oz Sideline Series,0,1,1,,
284,C37SS,Missouri - 20oz Sideline Series,0,1,1,,
285,C38SS,NC State - 20oz Sideline Series,0,1,1,,
286,C39SS,Nebraska - 20oz Sideline Series,0,1,1,,
287,C42SS,North Carolina - 20oz Sideline Series,0,1,1,,
288,C44SS,Ohio State - 20oz Sideline Series,0,1,1,,
289,C45SS,Oklahoma - 20oz Sideline Series,0,1,1,,
290,C46SS,Ole Miss - 20oz Sideline Series,0,1,1,,
291,C47SS,Oregon - 20oz Sideline Series,0,1,1,,
292,C48SS,Oregon State - 20oz Sideline Series,0,1,1,,
293,7401,WILLEY GREAT - JALAPENO CHEDDAR,0,1,1,,
294,C49SS,Penn State - 20oz Sideline Series,0,1,1,,
295,7402,WILLEY GREAT - KETTLE,0,1,1,,
296,C51SS,Purdue - 20oz Sideline Series,0,1,1,,
297,7404,WILLEY GREAT - CHICAGO STYLE,0,1,1,,
298,C52SS,South Carolina - 20oz Sideline Series,0,1,1,,
299,7405,WILLEY GREAT - BUTTERY CARAMEL,0,1,1,,
300,C54SS,Southern Miss - 20oz Sideline Series,0,1,1,,
301,7406,WILLEY GREAT - WHITE CHEDDAR,0,1,1,,
302,C55SS,Tennessee - 20oz Sideline Series,0,1,1,,
303,7408,WILLEY GREAT - CINNAMON TOAST,0,1,1,,
304,C56SS,Texas - 20oz Sideline Series,0,1,1,,
305,7409,WILLEY GREAT - CHEDDAR CHEESE,0,1,1,,
306,C57SS,Texas A&M - 20oz Sideline Series,0,1,1,,
307,7410,WILLEY GREAT - PREMIER MOVIE BUTER,0,1,1,,
308,C58SS,Texas Tech - 20oz Sideline Series,0,1,1,,
309,7411,WILLEY GREAT - SMOKED BANON AND CHEDDAR,0,1,1,,
310,C60SS,Virginia - 20oz Sideline Series,0,1,1,,
311,7412,WILLEY GREAT - PATRIOTIC MIX,0,1,1,,
312,C61SS,Virginia Tech - 20oz Sideline Series,0,1,1,,
313,SOCKS,Rock Your Socks -3 Pack,0,1,1,,
314,Corp,Corporate Sales from Online Order,0,1,1,,
315,National_Savings_Pass,National Savings Pass,0,1,1,,
316,C62SS,Washington - 20oz Sideline Series,0,1,1,,
317,CK02108,HAMMOND'S COOKIES - LEMON RASPBERRY,0,1,1,,
318,C63SS,Washington State - 20oz Sideline Series,0,1,1,,
319,CK12008,HAMMOND'S COOKIES - PEANUT BUTTER CHOC CHIP,0,1,1,,
320,C64SS,West Virginia - 20oz Sideline Series,0,1,1,,
321,CK1500,HAMMOND'S COOKIES - SALTED CARAMEL,0,1,1,,
322,C66SS,Wisconsin - 20oz Sideline Series,0,1,1,,
324,CK14608,HAMMOND'S COOKIES - CHOCOLATE CHIP,0,1,1,,
325,2-KT_Set,Cards,0,1,1,,
326,CK14508,HAMMOND'S COOKIES - BIRTHDAY CAKE,0,1,1,,
327,1KT,Cards,0,1,1,,
328,BG0140808,HAMMOND'S SNACK MIX - WASSUP WASABI,0,1,1,,
329,2KT,Cards,0,1,1,,
330,BG0210808,HAMMOND'S SNACK MIX - TRAILBLAZER,0,1,1,,
331,3KT,Cards,0,1,1,,
332,BG0220808,HAMMOND'S SNACK MIX - SUNNY DAY,0,1,1,,
333,4KT,Cards,0,1,1,,
334,BG0170808,HAMMOND'S SNACK MIX - MIDNIGHT,0,1,1,,
335,5KT,Cards,0,1,1,,
336,BG0200808,HAMMOND'S SNACK MIX - CRANTASTIC,0,1,1,,
337,6KT,Cards,0,1,1,,
338,ZP014206,HAMOND'S POPCORN - NATAURAL CARAMEL CHOCOLATE,0,1,1,,
339,7KT,Cards,0,1,1,,
340,ZP013606,HAMMOND'S POPCORN - NATURAL CARAMEL CORN,0,1,1,,
341,9KT,Cards,0,1,1,,
342,ZP012906,HAMMOND'S POPCORN - NATURAL SWEET & CHEESY,0,1,1,,
343,12KT,Cards,0,1,1,,
344,ZP015106,HAMMOND'S POPCORN - SUGARY CHURRO,0,1,1,,
345,5KT_8_Breakway,Cards,0,1,1,,
346,ZP018006,HAMMOND'S POPCORN - BIRTHDAY CAKE,0,1,1,,
347,2KT_10_Breakway,Cards,0,1,1,,
348,LE619,Black Tahoe 20oz,0,1,1,Laser Etched,
349,3KT___8_Breakway,Cards,0,1,1,,
350,LE6020,Black Tahoe 20oz,0,1,1,Laser Etched,
351,3KT___16_Breakway,Cards,0,1,1,,
352,621B,Black Tahoe 20oz - Blank,0,1,1,,
353,5KT__12_Breakway,Cards,0,1,1,,
354,LE622,White Tahoe 20oz,0,1,1,Laser Etched,
355,48_Coupon_Tickets,Tickets,0,1,1,,
356,LE623,White Tahoe 20oz,0,1,1,Laser Etched,
357,64_Coupon_Tickets,Tickets,0,1,1,,
358,624B,White Tahoe 20oz - Blank,0,1,1,,
360,DP625,Silver Tahoe 20oz,0,1,1,Digital Print,
362,DP626,Silver Tahoe 20oz,0,1,1,Digital Print,
364,627B,Silver Tahoe 20oz - Blank,0,1,1,,
366,LE628,Royal Blue Tahoe 20oz,0,1,1,Laser Etched,
367,NATIONAL_BROCHURE,NATIONAL BROCHURE,0,1,1,,
368,LE629,Royal Blue Tahoe 20oz,0,1,1,Laser Etched,
370,630B,Royal Blue Tahoe 20oz - Blank,0,1,1,,
371,LE401,Black Kendal - Custom,0,1,1,,
372,LE631,Red Tahoe 20oz,0,1,1,Laser Etched,
373,LE402,Black Kendal - Custom #2,0,1,1,,
374,LE632,Red Tahoe 20oz,0,1,1,Laser Etched,
375,633B,Red Tahoe 20oz - Blank,0,1,1,,
376,LE404,White Kendal - Custom,0,1,1,,
377,LE707,White Aspen 12oz,0,1,1,Laser Etched,
378,LE405,White Kendal - Custom #2,0,1,1,,
379,LE708,White Aspen 12oz,0,1,1,Laser Etched,
380,LE452,Purple Kendal - Custom,0,1,1,,
381,709B,White Aspen 12oz - Blank,0,1,1,,
382,LE453,Purple Kendal - Custom #2,0,1,1,,
383,DP710,Silver Aspen 12oz,0,1,1,Digital Print,
384,LE428,Black Alpine - Custom ,0,1,1,,
385,DP711,Silver Aspen 12oz,0,1,1,Digital Print,
386,LE429,Black Alpine - Custom #2,0,1,1,,
387,712B,Silver Aspen 12oz - Blank,0,1,1,,
388,LE431,White Alpine - Custom ,0,1,1,,
389,LE432,White Alpine - Custom #2,0,1,1,,
390,LELWB202_-_1,Black Polar Camel 32oz,0,1,1,Laser Etched,
391,DP461,Silver Alpine - Custom,0,1,1,,
392,LELWB202_-_2,Black Polar Camel 32oz,0,1,1,Laser Etched,
393,LWB202B,Black Polar Camel 32oz - Blank,0,1,1,,
394,DP462,Silver Alpine - Custom #2,0,1,1,,
395,LE801,Black St. Regis - Custom,0,1,1,,
396,LELWB203_-_1,Red Polar Camel 32oz,0,1,1,Laser Etched,
397,LE804,White St. Regis -Custom,0,1,1,,
398,LELWB203_-_2,Red Polar Camel 32oz,0,1,1,Laser Etched,
399,LWB203B,Red Polar Camel 32oz - Blank,0,1,1,,
400,LE869,Black Soho -Custom,0,1,1,,
401,LE870,Black Soho -Custom #2,0,1,1,,
402,LELWB204_-_1,Royal Blue Polar Camel 32oz,0,1,1,Laser Etched,
403,LELWB204_-_2,Royal Blue Polar Camel 32oz,0,1,1,Laser Etched,
404,LWB204B,Royal Blue Polar Camel 32oz - Blank,0,1,1,,
405,LELWB205_-_1,Hot Pink Polar Camel 32oz,0,1,1,Laser Etched,
406,LELWB205_-_2,Hot Pink Polar Camel 32oz,0,1,1,Laser Etched,
407,LWB205B,Hot Pink Polar Camel 32oz - Blank,0,1,1,,
408,LELWB211_-_1,Navy Blue Polar Camel 32oz,0,1,1,Laser Etched,
409,LELWB211 - 2,Navy Blue Polar Camel 32oz,0,1,1,Laser Etched,
410,LWB211B,Navy Polar Camel 32oz - Blank,0,1,1,,
411,LELWB212_-_1,Orange Polar Camel 32oz,0,1,1,Laser Etched,
412,LELWB212 - 2,Orange Polar Camel 32oz ,0,1,1,Laser Etched,
413,LWB212B,Orange Polar Camel 32oz - Blank,0,1,1,,
414,LELWB213_-_1,Maroon Polar Camel 32oz,0,1,1,Laser Etched,
415,LELWB213_-_2,Maroon Polar Camel 32oz,0,1,1,Laser Etched,
416,LWB213B,Maroon Polar Camel 32oz - Blank,0,1,1,,
417,LELWB214_-_1,White Polar Camel 32oz,0,1,1,Laser Etched,
418,LELWB214_-_2,White Polar Camel 32oz,0,1,1,Laser Etched,
419,LWB214B,White Polar Camel 32oz - Blank,0,1,1,,
420,LELWB215_-_1,Green Polar Camel 32oz,0,1,1,Laser Etched,
421,LELWB215_-_2,Green Polar Camel 32oz,0,1,1,Laser Etched,
422,LWB215B,Green Polar Camel 32oz - Blank,0,1,1,,
423,LELWB216_-_1,Yellow Polar Camel 32oz,0,1,1,Laser Etched,
424,LELWB216_-_2,Yellow Polar Camel 32oz,0,1,1,Laser Etched,
425,LWB216B,Yellow Polar Camel 32oz - Blank,0,1,1,,
426,RHS01,Alabama Home - Red 20oz,0,1,1,,
427,RHS02,Alaska Home - Red 20oz,0,1,1,,
428,RHS03,Arizona Home - Red 20oz,0,1,1,,
429,RHS04,Arkansas Home - Red 20oz,0,1,1,,
430,RHS05,California Home - Red 20oz,0,1,1,,
431,RHS06,Colorado Home - Red 20oz,0,1,1,,
432,RHS07,Connecticut Home  - Red 20oz,0,1,1,,
433,RHS08,Delaware Home - Red 20oz,0,1,1,,
434,RHS09,Florida Home - Red 20oz,0,1,1,,
435,RHS10,Georgia Home - Red 20oz,0,1,1,,
436,RHS11,Hawaii Home - Red 20oz,0,1,1,,
437,RHS12,Idaho Home - Red 20oz,0,1,1,,
438,RHS13,Illinois Home - Red 20oz,0,1,1,,
439,RHS14,Indiana Home - Red 20oz,0,1,1,,
440,RHS15,Iowa Home - Red 20oz,0,1,1,,
441,RHS16,Kansas Home - Red 20oz,0,1,1,,
442,RHS17,Kentucky Home - Red 20oz,0,1,1,,
443,RHS18,Louisiana Home - Red 20oz,0,1,1,,
444,RHS19,Maine Home - Red 20oz,0,1,1,,
445,RHS20,Maryland Home - Red 20oz,0,1,1,,
446,RHS21,Massachusettes Home - Red 20oz,0,1,1,,
447,RHS22,Michigan Home - Red 20oz,0,1,1,,
448,RHS23,Minnesota Home - Red 20oz,0,1,1,,
449,RHS24,Mississippi Home - Red 20oz,0,1,1,,
450,RHS25,Missouri Home - Red 20oz,0,1,1,,
451,RHS26,Montana Home - Red 20oz,0,1,1,,
452,RHS27,Nebraska Home - Red 20oz,0,1,1,,
453,RHS28,Nevada Home - Red 20oz,0,1,1,,
454,RHS29,New Hampshire Home - Red 20oz,0,1,1,,
455,RHS30,New Jersey Home - Red 20oz,0,1,1,,
456,RHS31,New Mexico Home - Red 20oz,0,1,1,,
457,RHS32,New York Home - Red 20oz,0,1,1,,
458,RHS33,North Carolina Home - Red 20oz,0,1,1,,
459,RHS34,North Dakota Home - Red 20oz,0,1,1,,
460,RHS35,Ohio Home - Red 20oz,0,1,1,,
461,RHS36,Oklahoma Home - Red 20oz,0,1,1,,
462,RHS37,Oregon Home - Red 20oz,0,1,1,,
463,RHS38,Pennsylvania Home - Red 20oz,0,1,1,,
464,RHS39,Rhode Island Home - Red 20oz,0,1,1,,
465,RHS40,South Carolina Home - Red 20oz,0,1,1,,
466,RHS41,South Dakota Home - Red 20oz,0,1,1,,
467,RHS42,Tennessee Home - Red 20oz,0,1,1,,
468,RHS43,Texas Home - Red 20oz,0,1,1,,
469,RHS44,Utah Home - Red 20oz,0,1,1,,
470,RHS45,Vermont Home - Red 20oz,0,1,1,,
471,RHS46,Virginia Home - Red 20oz,0,1,1,,
472,RHS47,Washington Home - Red 20oz,0,1,1,,
473,RHS48,West Virginia Home - Red 20oz,0,1,1,,
474,RHS49,Wisconsin Home - Red 20oz,0,1,1,,
475,RHS50,Wyoming Home - Red 20oz,0,1,1,,
476,GL111,We the People - Royal Blue 20oz ,0,1,1,Laser Etched,
477,GL112,Gone Fishing - Black 20oz ,0,1,1,Laser Etched,
478,GL113,Be Kind - White 20oz,0,1,1,Laser Etched,
479,GL205,Expensive - White 12oz ,0,1,1,Laser Etched,
480,GL206,Meh - White 12oz,0,1,1,Laser Etched,
481,GP510,Fueled By - Silver 20oz,0,1,1,Digital Print,
482,GP511,Paradise - Silver 20oz,0,1,1,Digital Print,
483,GP512,Stronger - Silver 20oz,0,1,1,Digital Print,
484,GP513,"Live, Laugh, Love - Silver 20oz",0,1,1,Digital Print,
485,GP618,Vitamin Sea - White 12oz,0,1,1,Digital Print,
486,GP619,Nope Not Today - White 12oz,0,1,1,Digital Print,
487,GP620,Namaste - White 12oz,0,1,1,Digital Print,
488,GP621,Offline - White 12oz,0,1,1,Digital Print,
489,GP622,Coffee and Dogs - White 12oz,0,1,1,Digital Print,
490,PC301,Just a Bit - Red 20oz ,0,1,1,Laser Etched,
491,PC302,Serenity Now - Royal Blue 20oz,0,1,1,Laser Etched,
492,PC303,Pivot - White 20oz,0,1,1,Laser Etched,
493,PC401,"Ew, David - White 12oz",0,1,1,Laser Etched,
494,B01SS,Arizona Diamondbacks - 20oz Sideline Series,0,1,1,,
495,B02SS,Atlanta Braves - 20oz Sideline Series,0,1,1,,
496,B03SS,Baltimore Orioles - 20oz Sideline Series,0,1,1,,
497,B04SS,Boston Red Sox - 20oz Sideline Series,0,1,1,,
498,B05SS,Chicago Cubs - 20oz Sideline Series,0,1,1,,
499,B06SS,Chicago White Sox - 20oz Sideline Series,0,1,1,,
500,B07SS,Cincinnati Reds - 20oz Sideline Series,0,1,1,,
501,B08SS,Cleveland Indians - 20oz Sideline Series,0,1,1,,
502,B09SS,Colorado Rockies - 20oz Sideline Series,0,1,1,,
503,B10SS,Detroit Tigers - 20oz Sideline Series,0,1,1,,
504,B11SS,Houston Astros - 20oz Sideline Series,0,1,1,,
505,B12SS,Kansas City Royals - 20oz Sideline Series,0,1,1,,
506,B13SS,LA Angels of Anaheim - 20oz Sideline Series,0,1,1,,
507,B14SS,LA Dodgers - 20oz Sideline Series,0,1,1,,
508,B15SS,Miami Marlins - 20oz Sideline Series,0,1,1,,
509,B16SS,Milwaukee Brewers - 20oz Sideline Series,0,1,1,,
510,B17SS,Minnesota Twins - 20oz Sideline Series,0,1,1,,
511,B18SS,New York Mets - 20oz Sideline Series,0,1,1,,
512,B19SS,New York Yankees - 20oz Sideline Series,0,1,1,,
513,B20SS,Oakland Athletics - 20oz Sideline Series,0,1,1,,
514,B21SS,Philadelphia Phillies - 20oz Sideline Series,0,1,1,,
515,B22SS,Pittsburgh Pirates - 20oz Sideline Series,0,1,1,,
516,B23SS,St.Louis Cardinals - 20oz Sideline Series,0,1,1,,
517,B24SS,San Diego Padres - 20oz Sideline Series,0,1,1,,
518,B25SS,San Francisco Giants - 20oz Sideline Series,0,1,1,,
519,B26SS,Seattle Mariners - 20oz Sideline Series,0,1,1,,
520,B27SS,Tampa Bay Rays - 20oz Sideline Series,0,1,1,,
521,B28SS,Texas Rangers - 20oz Sideline Series,0,1,1,,
522,B29SS,Toronto Blue Jays - 20oz Sideline Series,0,1,1,,
523,B30SS,Washington Nationals - 20oz Sideline Series,0,1,1,,
524,C01SS,Alabama - 20oz Sideline Series,0,1,1,,
525,C03SS,Arizona - 20oz Sideline Series,0,1,1,,
526,C05SS,Arkansas - 20oz Sideline Series,0,1,1,,
527,C06SS,Arkansas State - 20oz Sideline Series,0,1,1,,
528,C07SS,Auburn - 20oz Sideline Series,0,1,1,,
1116,403B,Black Kendal 20oz - Blank,0,1,1,,
1117,406B,White Kendal 20oz - Blank,0,1,1,,
1118,409B,Red Kendal 20oz - Blank,0,1,1,,
1119,412B,Royal Blue Kendal 20oz - Blank,0,1,1,,
1120,415B,Maroon Kendal 20oz - Blank,0,1,1,,
1121,427B,Dark Pink Kendal 20oz - Blank,0,1,1,,
1122,430B,Black Alpine 30oz - Blank,0,1,1,,
1123,433B,White Alpine 30oz - Blank,0,1,1,,
1124,439B,Royal Blue Alpine 30oz - Blank,0,1,1,,
1125,442B,Maroon Alpine 30oz - Blank,0,1,1,,
1126,448B,Gold Kendal 20oz - Blank,0,1,1,,
1127,454B,Purple Kendal 20oz - Blank,0,1,1,,
1128,460B,Silver Kendal 20oz - Blank,0,1,1,,
1129,463B,Silver Alpine 30oz - Blank,0,1,1,,
1145,803B,Black St. Regis 26oz - Blank,0,1,1,,
1146,806B,White St. Regis 26oz - Blank,0,1,1,,
1147,853B,White Soho 12oz - Blank,0,1,1,,
1148,856B,Pewter Soho 12oz - Blank,0,1,1,,
1149,859B,Rose Gold Soho 12oz - Blank,0,1,1,,
1150,862B,Cranberry Soho 12oz - Blank,0,1,1,,
1151,865B,Sea Green Soho 12oz - Blank,0,1,1,,
1152,868B,Cobalt Blue Soho 12oz - Blank,0,1,1,,
1186,C02SS,Appalachian State - 20oz Sideline Series,0,1,1,,
1188,C04SS,Arizona State - 20oz Sideline Series,0,1,1,,
1194,C09SS,Boise State - 20oz Sideline Series,0,1,1,,
1196,C11SS,BYU - 20oz Sideline Series,0,1,1,,
1197,C12SS,Central Florida - 20oz Sideline Series,0,1,1,,
1203,C18SS,Georgia Southern - 20oz Sideline Series,0,1,1,,
1212,C27SS,Louisiana - 20oz Sideline Series,0,1,1,,
1216,C30SS,Maryland - 20oz Sideline Series,0,1,1,,
1226,C40SS,New Mexico - 20oz Sideline Series,0,1,1,,
1227,C41SS,New Mexico State - 20oz Sideline Series,0,1,1,,
1229,C43SS,North Dakota State - 20oz Sideline Series,0,1,1,,
1236,C50SS,Pittsburgh - 20oz Sideline Series,0,1,1,,
1239,C53SS,South Florida - 20oz Sideline Series,0,1,1,,
1244,C59SS,Utah - 20oz Sideline Series,0,1,1,,
1250,C65SS,Western Kentucky - 20oz Sideline Series,0,1,1,,
1253,C67SS,Louisiana Tech- 20oz Sideline Series,0,1,1,,
1254,C68SS,McNeese State - 20oz Sideline Series,0,1,1,,
1256,DP401,Black Kendal 20oz -,0,1,1,Digital Print,
1257,DP402,Black Kendal 20oz,0,1,1,Digital Print,
1258,DP404,White Kendal 20oz,0,1,1,Digital Print,
1259,DP405,White Kendal 20oz,0,1,1,Digital Print,
1260,DP407,Red Kendal 20oz,0,1,1,Digital Print,
1261,DP408,Red Kendal 20oz,0,1,1,Digital Print,
1262,DP410,Royal Blue Kendal 20oz,0,1,1,Digital Print,
1263,DP411,Royal Blue Kendal 20oz,0,1,1,Digital Print,
1264,DP413,Maroon Kendal 20oz,0,1,1,Digital Print,
1265,DP414,Maroon Kendal 20oz,0,1,1,Digital Print,
1266,DP419,Hunter Green Kendal 20oz,0,1,1,Digital Print,
1267,DP420,Hunter Green Kendal 20oz,0,1,1,Digital Print,
1268,DP425,Dark Pink Kendal 20oz,0,1,1,Digital Print,
1269,DP426,Dark Pink Kendal 20oz,0,1,1,Digital Print,
1270,DP428,Black Alpine 30oz,0,1,1,Digital Print,
1271,DP429,Black Alpine 30oz,0,1,1,Digital Print,
1272,DP431,White Alpine 30oz,0,1,1,Digital Print,
1273,DP432,White Alpine 30oz,0,1,1,Digital Print,
1274,DP437,Royal Blue Alpine 30oz,0,1,1,Digital Print,
1275,DP438,Royal Blue Alpine 30oz,0,1,1,Digital Print,
1276,DP440,Maroon Alpine 30oz,0,1,1,Digital Print,
1277,DP441,Maroon Alpine 30oz,0,1,1,Digital Print,
1278,DP446,Gold Kendal 20oz,0,1,1,Digital Print,
1279,DP447,Gold Kendal 20oz,0,1,1,Digital Print,
1280,DP452,Purple Kendal 20oz,0,1,1,Digital Print,
1281,DP453,Purple Kendal 20oz,0,1,1,Digital Print,
1282,DP458,Silver Kendal 20oz,0,1,1,Digital Print,
1283,DP459,Silver Kendal 20oz,0,1,1,Digital Print,
1292,DP801,Black St. Regis 26oz,0,1,1,Digital Print,
1293,DP802,Black St. Regis 26oz,0,1,1,Digital Print,
1294,DP804,White St. Regis 26oz,0,1,1,Digital Print,
1295,DP805,White St. Regis 26oz,0,1,1,Digital Print,
1296,DP851,White Soho 12oz,0,1,1,Digital Print,
1297,DP852,White Soho 12oz,0,1,1,Digital Print,
1298,DP854,Pewter Soho 12oz,0,1,1,Digital Print,
1299,DP855,Pewter Soho 12oz,0,1,1,Digital Print,
1300,DP857,Rose Gold Soho 12oz,0,1,1,Digital Print,
1301,DP858,Rose Gold Soho 12oz,0,1,1,Digital Print,
1302,DP860,Cranberry Soho 12oz,0,1,1,Digital Print,
1303,DP861,Cranberry Soho 12oz,0,1,1,Digital Print,
1304,DP863,Sea Green Soho 12oz,0,1,1,Digital Print,
1305,DP864,Sea Green Soho 12oz,0,1,1,Digital Print,
1306,DP866,Cobalt Blue Soho 12oz,0,1,1,Digital Print,
1307,DP867,Cobalt Blue Soho 12oz,0,1,1,Digital Print,
1308,GL100,I'm A Hustler - Purple 20oz,0,0,0,Laser Etched,
1309,GL101,I'm Sorry I'm Late - Red 20oz,0,0,0,Laser Etched,
1310,GL102,I Love My Wife - Black 20oz,0,0,0,Laser Etched,
1311,GL103,Cool Mom - White 20oz,0,0,0,Laser Etched,
1312,GL104,Animal Love - White 20oz,0,0,0,Laser Etched,
1321,GL200,Normal Is Boring - Cobalt 12oz,0,1,1,Laser Etched,
1322,GL201,You Don't Scare Me - Cobalt 12oz,0,0,0,Laser Etched,
1323,GL202,Wake Up - Cranberry 12oz,0,0,0,Laser Etched,
1328,GL208,Hydrate - Light Blue 32oz Polar,0,1,1,Laser Etched,
1329,GL209,Allergic to Meetings - Navy 32oz Polar,0,1,1,Laser Etched,
1330,GL210,Stronger than Cancer - Pink 32oz Polar,0,1,1,Laser Etched,
1331,GL211,Run - Yellow 32oz Polar,0,1,1,Laser Etched,
1332,GP500,Christmas Trees Wrap - White 20oz,0,1,0,Digital Print,
1333,GP501,Life Is Better - Silver 20oz,0,0,0,Digital Print,
1334,GP502,Fur Mama - Gold 20oz,0,0,0,Digital Print,
1335,GP503,Camping Wrap - Black 20oz,0,0,0,Digital Print,
1336,GP504,"Live, Laugh, Love - White 20oz",0,0,0,Digital Print,
1344,GP514,You Serious Clark - Silver 20oz,0,1,1,Digital Print,
1345,GP515,Christmas Misery - Silver 20oz,0,1,1,Digital Print,
1346,GP516,Griswold Family Christmas - Silver 20oz,0,1,1,Digital Print,
1347,GP600,Renewable Energy - Pewter 12oz,0,0,0,Digital Print,
1348,GP601,Cup Of Cheer - Seafoam Green 12oz,0,1,1,Digital Print,
1349,GP602,No Coffee No Workee - White 12oz,0,0,0,Digital Print,
1350,GP603,Grateful - Rose Gold 12oz,0,0,0,Digital Print,
1351,GP604,Sorry Not Sorry - Rose Gold 12oz,0,0,0,Digital Print,
1352,GP605,Beach Life - White 12oz,0,0,0,Digital Print,
1353,GP606,Wanderlust - Seafoam Green 12oz,0,0,0,Digital Print,
1354,GP607,Life Outside - Seafoam Green 12oz,0,0,0,Digital Print,
1371,GP623,Polar Bear - White 12oz,0,1,1,Digital Print,
1372,GP624,Christmas Trees - Cranberry 12oz,0,1,1,Digital Print,
1373,GP625,Favorite Color Lights - Blue 12oz,0,1,1,Digital Print,
1374,GP626,Chillin Gnomies - Seafoam Green 12oz,0,1,1,Digital Print,
1375,H01SS,Anaheim Ducks - 20oz Sideline Series,0,0,0,,
1376,H02SS,Arizona Coyotes - 20oz Sideline Series,0,0,0,,
1377,H03SS,Boston Bruins - 20oz Sideline Series,0,0,0,,
1378,H04SS,Buffalo Sabres - 20oz Sideline Series,0,0,0,,
1379,H05SS,Calgary Flames - 20oz Sideline Series,0,0,0,,
1380,H06SS,Carolina Hurricanes - 20oz Sideline Series,0,0,0,,
1381,H07SS,Chicago Blackhawks - 20oz Sideline Series,0,0,0,,
1382,H08SS,Colorado Avalanche - 20oz Sideline Series,0,0,0,,
1383,H09SS,Columbus Blue Jackets - 20oz Sideline Series,0,0,0,,
1384,H10SS,Dallas Stars - 20oz Sideline Series,0,0,0,,
1385,H11SS,Detroit Red Wings - 20oz Sideline Series,0,0,0,,
1386,H12SS,Edmonton Oilers - 20oz Sideline Series,0,0,0,,
1387,H13SS,Florida Panthers - 20oz Sideline Series,0,0,0,,
1388,H14SS,LA Kings - 20oz Sideline Series,0,0,0,,
1389,H15SS,Las Vegas Knights - 20oz Sideline Series,0,1,1,,
1390,H16SS,Minnesota Wild - 20oz Sideline Series,0,0,0,,
1391,H17SS,Montreal Canadiens - 20oz Sideline Series,0,0,0,,
1392,H18SS,Nashville Predators - 20oz Sideline Series,0,0,0,,
1393,H19SS,New Jersey Devils - 20oz Sideline Series,0,0,0,,
1394,H20SS,New York Islanders - 20oz Sideline Series,0,0,0,,
1395,H21SS,New York Rangers - 20oz Sideline Series,0,0,0,,
1396,H22SS,Ottowa Senators - 20oz Sideline Series,0,0,0,,
1397,H23SS,Philadelphia Flyers - 20oz Sideline Series,0,0,0,,
1398,H24SS,Pittsburgh Penguins - 20oz Sideline Series,0,0,0,,
1399,H25SS,San Jose Sharks - 20oz Sideline Series,0,0,0,,
1400,H26SS,Seattle Kraken - 20oz Sideline Series,0,0,0,,
1401,H27SS,St Louis Blues - 20oz Sideline Series,0,0,0,,
1402,H28SS,Tampa Bay Lightning - 20oz Sideline Series,0,0,0,,
1403,H29SS,Toronto Maple Leafs - 20oz Sideline Series,0,0,0,,
1404,H30SS,Vancouver Canucks - 20oz Sideline Series,0,0,0,,
1405,H31SS,Washington Capitals - 20oz Sideline Series,0,0,0,,
1406,H32SS,Winnepeg Jets - 20oz Sideline Series,0,0,0,,
1411,LE407,Red Kendal 20oz,0,1,1,Laser Etched,
1412,LE408,Red Kendal 20oz,0,1,1,Laser Etched,
1413,LE410,Royal Blue Kendal 20oz,0,1,1,Laser Etched,
1414,LE411,Royal Blue Kendal 20oz,0,1,1,Laser Etched,
1415,LE413,Maroon Kendal 20oz,0,1,1,Laser Etched,
1416,LE414,Maroon Kendal 20oz,0,1,1,Laser Etched,
1417,LE419,Hunter Green Kendal 20oz,0,1,1,Laser Etched,
1418,LE420,Hunter Green Kendal 20oz,0,1,1,Laser Etched,
1419,LE425,Dark Pink Kendal 20oz,0,1,1,Laser Etched,
1420,LE426,Dark Pink Kendal 20oz,0,1,1,Laser Etched,
1425,LE437,Royal Blue Alpine 30oz,0,1,1,Laser Etched,
1426,LE438,Royal Blue Alpine 30oz,0,1,1,Laser Etched,
1427,LE440,Maroon Alpine 30oz,0,1,1,Laser Etched,
1428,LE441,Maroon Alpine 30oz,0,1,1,Laser Etched,
1429,LE446,Gold Kendal 20oz,0,1,1,Laser Etched,
1430,LE447,Gold Kendal 20oz,0,1,1,Laser Etched,
1454,LE802,Black St. Regis 26oz,0,1,1,Laser Etched,
1456,LE805,White St. Regis 26oz,0,1,1,Laser Etched,
1457,LE851,White Soho 12oz,0,1,1,Laser Etched,
1458,LE852,White Soho 12oz,0,1,1,Laser Etched,
1459,LE854,Pewter Soho 12oz,0,1,1,Laser Etched,
1460,LE855,Pewter Soho 12oz,0,1,1,Laser Etched,
1461,LE857,Rose Gold Soho 12oz,0,1,1,Laser Etched,
1462,LE858,Rose Gold Soho 12oz,0,1,1,Laser Etched,
1463,LE860,Cranberry Soho 12oz,0,1,1,Laser Etched,
1464,LE861,Cranberry Soho 12oz,0,1,1,Laser Etched,
1465,LE863,Sea Green Soho 12oz,0,1,1,Laser Etched,
1466,LE864,Sea Green Soho 12oz,0,1,1,Laser Etched,
1467,LE866,Cobalt Blue Soho 12oz,0,1,1,Laser Etched,
1468,LE867,Cobalt Blue Soho 12oz,0,1,1,Laser Etched,
1479,LELWB207-1,Light Blue Polar Camel 32oz,0,1,1,Laser Etched,
1480,LELWB207-2,Light Blue Polar Camel 32oz,0,1,1,Laser Etched,
1481,LELWB209-1,Purple Polar Camel 32oz,0,1,1,Laser Etched,
1482,LELWB209-2,Purple Polar Camel 32oz,0,1,1,Laser Etched,
1483,LWB209B,Purple Polar Camel 32oz - Blank,0,1,1,,
1484,LELWB210-1,Gray Polar Camel 32oz,0,1,1,Laser Etched,
1485,LELWB210-2,Gray Polar Camel 32oz,0,1,1,Laser Etched,
1502,LWB207B,Light Blue Polar Camel 32oz - Blank,0,1,1,,
1503,LWB210B,Gray Polar Camel 32oz - Blank,0,1,1,,
1600,WHS01,Alabama Home - White 20oz,0,0,0,,
1601,WHS02,Alaska Home - White 20oz,0,0,0,,
1602,WHS03,Arizona Home - White 20oz,0,0,0,,
1603,WHS04,Arkansas Home - White 20oz,0,0,0,,
1604,WHS05,California Home - White 20oz,0,0,0,,
1605,WHS06,Colorado Home - White 20oz,0,0,0,,
1606,WHS07,Connecticut Home - White 20oz,0,0,0,,
1607,WHS08,Delaware Home - White 20oz,0,0,0,,
1608,WHS09,Florida Home - White 20oz,0,0,0,,
1609,WHS10,Georgia Home - White 20oz,0,0,0,,
1610,WHS11,Hawaii Home - White 20oz,0,0,0,,
1611,WHS12,Idaho Home - White 20oz,0,0,0,,
1612,WHS13,Illinois Home - White 20oz,0,0,0,,
1613,WHS14,Indiana Home - White 20oz,0,0,0,,
1614,WHS15,Iowa Home - White 20oz,0,0,0,,
1615,WHS16,Kansas Home - White 20oz,0,0,0,,
1616,WHS17,Kentucky Home - White 20oz,0,0,0,,
1617,WHS18,Louisiana Home - White 20oz,0,0,0,,
1618,WHS19,Maine Home - White 20oz,0,0,0,,
1619,WHS20,Maryland Home - White 20oz,0,0,0,,
1620,WHS21,Massachusettes Home - White 20oz,0,0,0,,
1621,WHS22,Michigan Home - White 20oz,0,0,0,,
1622,WHS23,Minnesota Home - White 20oz,0,0,0,,
1623,WHS24,Mississippi Home - White 20oz,0,0,0,,
1624,WHS25,Missouri Home - White 20oz,0,0,0,,
1625,WHS26,Montana Home - White 20oz,0,0,0,,
1626,WHS27,Nebraska Home - White 20oz,0,0,0,,
1627,WHS28,Nevada Home - White 20oz,0,0,0,,
1628,WHS29,New Hampshire Home - White 20oz,0,0,0,,
1629,WHS30,New Jersey Home - White 20oz,0,0,0,,
1630,WHS31,New Mexico Home - White 20oz,0,0,0,,
1631,WHS32,New York Home - White 20oz,0,0,0,,
1632,WHS33,North Carolina Home - White 20oz,0,0,0,,
1633,WHS34,North Dakota Home - White 20oz,0,0,0,,
1634,WHS35,Ohio Home - White 20oz,0,0,0,,
1635,WHS36,Oklahoma Home - White 20oz,0,0,0,,
1636,WHS37,Oregon Home - White 20oz,0,0,0,,
1637,WHS38,Pennsylvania Home - White 20oz,0,0,0,,
1638,WHS39,Rhode Island Home - White 20oz,0,0,0,,
1639,WHS40,South Carolina Home - White 20oz,0,0,0,,
1640,WHS41,South Dakota Home - White 20oz,0,0,0,,
1641,WHS42,Tennessee Home - White 20oz,0,0,0,,
1642,WHS43,Texas Home - White 20oz,0,0,0,,
1643,WHS44,Utah Home - White 20oz,0,0,0,,
1644,WHS45,Vermont Home - White 20oz,0,0,0,,
1645,WHS46,Virginia Home - White 20oz,0,0,0,,
1646,WHS47,Washington Home - White 20oz,0,0,0,,
1647,WHS48,West Virginia Home - White 20oz,0,0,0,,
1648,WHS49,Wisconsin Home - White 20oz,0,0,0,,
1649,WHS50,Wyoming Home - White 20oz,0,0,0,,
1650,GL207,Hustle - Black 32oz Polar,0,1,1,Laser Etched,
1651,PC1,Cards,0,1,1,Cards,
1653,PC1_(2),National Savings Pass,0,0,0,Savings Pass,
1655,LE620,Black Tahoe 20oz,0,1,1,Laser Etched,
1656,2KTT,Cards,0,1,1,,
1657,2ND_SIDE_PERSONALIZATION,2ND SIDE PERSONALIZATION,0,1,1,,
1658,3KTT,Cards,0,1,1,,
1659,4KTT,Cards,0,1,1,,
1660,APPPER,APPAREL PERSONALIZATION,0,1,1,,
1661,APPPER2,APPAREL PERSONALIZATION - 2ND POSITION,0,1,1,,
1663,LP1L,WOMEN'S COTTON T-SHIRT - LARGE,0,1,1,,
1664,LP1M,WOMEN'S COTTON T-SHIRT - MEDIUM,0,1,1,,
1665,LP1S,WOMEN'S COTTON T-SHIRT - SMALL,0,1,1,,
1666,LP1XL,WOMEN'S COTTON T-SHIRT - XL,0,1,1,,
1667,LP1XXL,WOMEN'S COTTON T-SHIRT - XXL,0,1,1,,
1668,MCCSL,MENS COTTON CREWNECK SWEATSHIRT - LARGE,0,1,1,,
1669,MCCSM,MENS COTTON CREWNECK SWEATSHIRT - MEDIUM,0,1,1,,
1670,MCCSS,MENS COTTON CREWNECK SWEATSHIRT - SMALL,0,1,1,,
1671,MCCSXL,MENS COTTON CREWNECK SWEATSHIRT - XL,0,1,1,,
1672,MCCSXXL,MENS COTTON CREWNECK SWEATSHIRT - XXL,0,1,1,,
1673,MT1L,MENS COTTON T-SHIRT - LARGE,0,1,1,,
1674,MT1M,MENS COTTON T-SHIRT - MEDIUM,0,1,1,,
1675,MT1S,MEN'S COTTON T-SHIRT - SMALL,0,1,1,,
1676,MT1XL,MENS COTTON T-SHIRT - XL,0,1,1,,
1677,MT1XXL,MENS COTTON T-SHIRT - XXL,0,1,1,,
1679,TP001,TWO PACK SET - COFFEE THEME,0,1,1,,
1680,TP002,TWO PACK SET - PET THEME,0,1,1,,
1681,TP003,TWO PACK SET - OUTDOOR THEME,0,1,1,,
1682,TP004,TWO PACK SET - THANKFUL/BE KIND THEME,0,1,1,,
1683,TP005,TWO PACK SET - CANCER THEME,0,1,1,,
1684,TP006,TWO PACK SET - TEACHER THEME,0,1,1,,
1686,WCCSL,WOMEN'S COTTON CREWNECK SWEATSHIRT - LARGE,0,1,1,,
1687,WCCSM,WOMEN'S COTTON CREWNECK SWEATSHIRT - MEDIUM,0,1,1,,
1688,WCCSS,WOMEN'S COTTON CREWNECK SWEATSHIRT - SMALL,0,1,1,,
1689,WCCSXL,WOMEN'S COTTON CREWNECK SWEATSHIRT - XL,0,1,1,,
1690,WCCSXXL,WOMEN'S COTTON CREWNECK SWEATSHIRT - XXL,0,1,1,,
1691,HIBPIL,HIBERNATE PILLOW CASES,0,1,1,,
1692,HIBSHE,HIBERNATE SHEET SET,0,1,1,,
1693,FG_TEST,FG TEST,0,1,0,,
1695,850036240020,Birthday Cake - Belle's Canister,0,1,1,,
1696,850036240037,Caramel - Belle's Canister,0,1,1,,
1697,850036240051,Sea Salt Caramel - Belle's Canister,0,1,1,,
1698,850036240082,Cornfetti - Belle's Canister,0,1,1,,
1699,850036240099,Cookies and Cream - Belle's Canister,0,1,1,,
1700,860001747355,Tangy Mustard ?N Honey - Port City Pretzel,0,1,1,,
1701,861649000208,Tasty Ranch Dill - Port City Pretzel,0,1,1,,
1702,861649000246,Cinnamon Sugar - Port City Pretzel,0,1,1,,
1703,861649000277,Feisty Hot - Port City Pretzel,0,1,1,,
1704,7-63027-99647-2,Ginger Spice Moravian Cookie Thins - Dewey's,0,1,1,,
1705,7-63027-99648-9,Meyer Lemon Mravian Cookie Thins - Dewey's,0,1,1,,
1706,7-63027-99649-6,Classic Sugar Moravian Cookie Thins - Dewey's,0,1,1,,
1707,B0220BJ0303,Original Beef Jerky - Field Trip,0,1,1,,
1708,B0220BJ0311,Gochujang Korean BBQ Beef Jerky - Field Trip,0,1,1,,
1709,B0220BJ0323,Mandarin Teriyaki Beef Jerky - Field Trip,0,1,1,,
1710,B0220BJ03CA,Carne Asada Street Taco Jerky - Field Trip,0,1,1,,
1711,B0220BJ03EB,Everything Bagel Beef Jerky - Field Trip,0,1,1,,
1712,B0220CB03BS,Buffalo Style Chickent Bites - Field Trip,0,1,1,,
1714,GB2,2 Pack OG - THE ORIGINAL GARBAGE BAG,0,1,1,,
1715,LWBL1,Polar Camel Replacement Lid,0,1,1,,
1716,RL5,Taylor Cork Bottl Silder Lid,0,1,1,,
1717,RL6,Liberty 20oz Replacement Lid,0,1,1,,
1718,RL7,12oz Napa/Aspen Replacement Lid,0,1,1,,
1719,RL8,Tundra Water Bottle Replacement Lid,0,1,1,,
1720,SWEEP,SWEEPSTAKES,0,1,1,,
1721,SWEEPADR,SWEEPSTAKES ADRENALINE,0,1,1,,
1722,TMSDG1,Cosmopolitan Digital Subscription,0,1,1,,
1723,TMSDG2,Elle Digital Subscription,0,1,1,,
1724,TMSDG3,Elle Décor Digital Subscription,0,1,1,,
1725,TMSDG4,Harper's Bazaar Digital Subscription,0,1,1,,
1726,TMSDG5,Town & Country Digital Subscription,0,1,1,,
1727,TMSDG6,Food & Wine Digital Subscription,0,1,1,,
1728,TMSDG7,Midwest Living Digital Subscription,0,1,1,,
1729,TMSDG8,Esquire Digital Subscription,0,1,1,,
1730,TMSDG9,Food Network Magazine Digital Subscription,0,1,1,,
1731,RM403,Black Kendal 20oz,0,0,1,,
1732,RM406,White Kendal 20oz,0,0,1,,
1733,RM409,Red Kendal 20oz,0,0,1,,
1734,RM412,Royal Blue Kendal 20oz,0,0,1,,
1735,RM415,Maroon Kendal 20oz,0,0,1,,
1736,RM427,Dark Pink Kendal 20oz,0,0,1,,
1737,RM430,Black Alpine 30oz,0,0,1,,
1738,RM433,White Alpine 30oz,0,0,1,,
1739,RM442,Maroon Alpine 30oz,0,0,1,,
1740,RM448,Gold Kendal 20oz,0,0,1,,
1741,RM454,Purple Kendal 20oz,0,0,1,,
1742,RM460,Silver Kendal 20oz,0,0,1,,
1743,RM463,Silver Alpine 30oz,0,0,1,,
1744,RM503,Black Taylor 20oz,0,0,1,,
1745,RM506,White Taylor 20oz,0,0,1,,
1746,RM606,Black Liberty 20oz,0,0,1,,
1747,RM609,White Liberty 20oz,0,0,1,,
1748,RM615,Royal Blue Liberty 20oz,0,0,1,,
1749,RM618,Red Liberty 20oz,0,0,1,,
1750,RM621,Black Tahoe 20oz,0,0,1,,
1751,RM624,White Tahoe 20oz,0,0,1,,
1752,RM627,Silver Tahoe 20oz,0,0,1,,
1753,RM630,Royal Tahoe 20oz,0,0,1,,
1754,RM633,Red Tahoe 20oz,0,0,1,,
1755,RM709,White Aspen 12oz,0,0,1,,
1756,RM712,Silver Aspen 12oz,0,0,1,,
1757,RM803,Black St. Regis 26oz,0,0,1,,
1758,RM806,White St. Regis 26oz,0,0,1,,
1759,RM853,White Soho 12oz,0,0,1,,
1760,RM856,Pewter Soho 12oz,0,0,1,,
1761,RM859,Rose Gold Soho 12oz,0,0,1,,
1762,RM862,Cranberry Soho 12oz,0,0,1,,
1763,RM865,Sea Green Soho 12oz,0,0,1,,
1764,RM868,Cobalt Blue Soho 12oz,0,0,1,,
1765,RM871,BlackSoho 12oz,0,0,1,,
1766,RMLELWB202,Black Polar Camel 32oz,0,0,1,,
1767,RMLELWB203,Red Polar Camel 32oz,0,0,1,,
1768,RMLELWB204,Royal Blue Polar Camel 32oz,0,0,1,,
1769,RMLELWB205,Hot Pink Polar Camel 32oz,0,0,1,,
1770,RMLELWB207,Light Blue Polar Camel 32oz,0,0,1,,
1771,RMLELWB209,Purple Polar Camel 32oz,0,0,1,,
1772,RMLELWB210,Gray Polar Camel 32oz,0,0,1,,
1773,RMLELWB211,Navy Blue Polar Camel 32oz,0,0,1,,
1774,RMLELWB212,Orange Polar Camel 32oz,0,0,1,,
1775,RMLELWB213,Maroon Polar Camel 32oz,0,0,1,,
1776,RMLELWB214,White Polar Camel 32oz,0,0,1,,
1777,RMLELWB215,Green Polar Camel 32oz,0,0,1,,
1778,RMLELWB216,Yellow Polar Camel 32oz,0,0,1,,
1779,2KT_Set,Cards,0,1,1,,
1781,UGT1S,SMALL MEN'S PERFORMANCE LONG SLEEVE T-SHIRT,0,1,1,,
1782,UGT1M,MEDIUM MEN'S PERFORMANCE LONG SLEEVE T-SHIRT,0,1,1,,
1783,UGT1L,LARGE MEN'S PERFORMANCE LONG SLEEVE T-SHIRT,0,1,1,,
1784,UGT1XL,XL MEN'S PERFORMANCE LONG SLEEVE T-SHIRT,0,1,1,,
1785,UGT1XXL,XXL MEN'S PERFORMANCE LONG SLEEVE T-SHIRT,0,1,1,,
1786,RL1,Kendal Slider Lid,0,1,1,,
1787,RL2,Alpine Slider Lid,0,1,1,,
1788,RL4,St. Regis Water Bottle Lid,0,1,1,,
1789,RW_TEST,RW TEST,0,1,1,,
